{"file_hashes":[{"block_hashes":["IjlI6KWg5YmONSKIseJjLx3wQdHzRhcaIKI/CpgZGFc=","pQAKOixdG1eIW+DTCw7fJ9paH4SQwwiomxj9IfbdPAI=","EpCt0B9+VAHK/CbSsqwsjbtuxNrID55XYk7Q0Yt4US0=","vCkft0M4lNR+VFBDtigjBB3QDTIzzFVV4zG7Eeq6Puc=","yVom+sLAdXXxmnmEB/mTuhiglB4GOLjNrQq5XLFF+aY=","CbB6P2onEXJprkohaFq0/moKDV7GsSt5qVwnVnE/iYk=","cgdW4e0gQmkLP6Vu7+5YLSF/pH3rRuuraiHMw4bfF58=","2rczEbfsBWK0+zk7pWj8sF2T5t2NQ4OoghTKcXaXcKA=","kOnk3D4KfK6irOPmhxy2HE1IkoCo2Q8V8c2LoGDKBek=","IoLRy8uprZH4xbhKK9Inqx8MUetlDa0dUv6yxXqth5I=","oAH0A92JcMLzDc6+mLCTauwVRvVTYMZt7rQ0YoO3YhQ=","lAQ4dSchDibjI83p+yR3z0ibfQY2MIg7C3m4RPYewUg=","h4GsPEV3P3ljBXGO7KAgMP/pasqgrIGdjoXj0TNXu9k="],"block_size":4096,"path":"content.css"},{"block_hashes":["PHVyWf6SDyDEAMDXsESUQuvtWlovfG81ZLyp5mNzd0s=","eKhQazhb9HyCDRqPJp9U1SxbvyY6WF0l9VjO6FzyWSE=","MGesrUVd24v6Zv9gvEG5UF+X1yQpDxge8I+x/xug1hA=","2YRQUAZmOMxNEt9f8q/Mu6Xgyc5SPpOsq4WYy5VkBfM=","UH7/MTw3Bq47A6/LHNtpqyHiVYmDo3c0P6jMFtvoPh4=","bsUErOHWDT5Dl72U2XihElYlkiV0+UIoVGDe44TBeoI=","0YrjxeutulMdG5VQw9DUba/kGuzavWdQBIN95qwMxvQ=","75+WxdhPi7lvBeUCT0CDBGtXku+FljetkoDq7Dl6OFg=","4xs9K1xBBZlx6qB6s0/ba+Lw6Qnt0N7l4fQ/RCmYf4Q=","DWRHOV8WT9fJvbL8jO2bA8p1TJDqrW+zdd94Se+p0Xo=","J5RFFDoxngSCSVRdxAHphI3vBaI5zVsw7I5EVfbI9Go=","bK0g/XGS8XUDTCjuywxaZxWHOfpQjfeMUmAC6O8SNg4=","0itBbqcLlXC2LsLiDMj8966FgHed90/UckMGBTjnkVc=","y9cFpDD242b1WSxBhEMipTlHDb4RKTr1jipUJOzNMUQ=","cy7eCLVvlh0VuxkI9LrFbSss8dBfHJcxwV8xKMCeBM0=","6LlyzsGCMraGwtJ2iSP4rsbZe/uamMvoCfN43kaO6Fw=","arsn3sPQ/k0AMHfbiirzqZtCC7YxEGKiONYkuoaCsmM=","FN2TjGub5wwARDH8ydpEfRb8c2BJE920JDOhGNES63E=","T9CTdc0MrFnNns3Myjs8+V5Ma9+5xzXOWq5ipknP/Kk=","GD5Ykh5K2csVJSb9xEHb7SeEWk3b3kfAwFwkUaSHZr4=","fPqG0oU72sdqZ4VVmRH6bBDPY1X06RH9Xyc74lK95Uk=","2z9/ZOoJRCAf3S43etM/kQccycJriog//mjA9c+929E=","4Gyeew3Zdj1/sGpPqKlVmttL1kt8T1821bXWwwDppOI=","5PBp2fCHKGw3mY03/zes+x25yDvCy/q0qjRMFJ88mGE=","vxoyBeKVoI2Tg7CMYC5nv+PiOqZABmulyjO+WMmJqNQ=","w2ThnbMZz7Onm9G5mYrptBd1dIrqTSmsEUHuJSdX5VQ=","plpEl/76nXia9GMoBFLoHmzeb8XsnjHIhXKBbvzRQrY=","EyAqwj6WuBF5ODDAx7sXuXk1PH8oGUtRGBnSQy39vtU=","cIi44UGbEHieZB8hWWYfpTw9UMSkmu0WxAQxHcuc/0g=","xtky+ChJd9fpvjow+KB2Ovg962PGyZo1JjYAriGFvyY=","nKYmTDkiGZe286oPTmN/dH1QUhg5q5w9FErrDXPr3NE=","2eL0bbHylue5Os6dx4OTfGYVPxt7oOCFNAxETuRhcWo=","T6L3HIXiXR0v8AyFqzU94zNUt7s+DSjMpH+EKVpHhMs=","KxXGG8wIMDlYZfEJjeRzQJy5rzKcXdQ4K8tKBxYiPQo=","HeCro3+nwqGLyVoexVUiRhDR+Zl7MPxpt2t84eDHmcY=","RPWJXwWmXspwWBdhQJuT/qCXa99W9eZgv73R+ddFERY=","u9EOJTx47oyulixh0XvNP72z38s6b8jP17hIMf4XZj0=","6RGGF+91pY9Psy22/YBDqoJ2EWSEv3srnSpZfaX74lo=","V2MTeu0DtX6M9G3MK9xlBIkqDOgeom8Ah8dhpC7dOi4=","Y7iPimDuw1WBfNNITachT43g1Kd3BqITokd8+SD7hgI=","0xqUuS+0PAsoQEJeNaXy2lu1kAVbxo22+I/lOi8V4zk=","xMtiSrvrFBFyMF6ch5ErcPtpkshocYe7FFSfFr0HVME=","IB5LziLIobcws7ZsU2xEW5OOUJ0pB+d9jAuWSxkKFgw=","V8mp+UQnGA4d5VN5q84qmrs/+RtaGhQYufY3aN2RJ7g=","sD8ZFJME04aCK2igY9sNKMeoSkMP8iIA1xbAsexqNjk=","eabPNLjW6bmiAgQi+GmL4FxQT2g9qp1vUwyhWAvSSOU=","hFSKw6bxgO2PXuGehQ+fI7vilFA8dblbM97r01pN67Q=","/iqaUlZH+aPvtXHHiCUHUJ/DatrSDFVXyXRPpUBLWTI=","pj3b0miYocxfnKk5GoSB6LwppfvejnJgOc3UsknHBTU=","z7PfZAuGsJ8SbIznFEn6GcVVmuBMF7CefXRP4yWuTe8=","5OdPVAIgRSspmjmBcL/00GUT/eRwUy0E1MdZOMWB92o=","ackIuD1U6DKqW0w5JFQnetuMe18mbjEGQp7vkRbsvb4=","xcjmTzW4sQYgrPZMMjlh0u7WesMN9w6VF3TFCkXjKRM=","GuzRc9LZUd7HbHnP3EtPH2tTmv0O5aqA2tFkvDZgPK8=","2r+/2jXKeNZlcm4hBmFkDeHLqANt6MGpJkMy7fw0O2I=","UvAEDgjbyXe/fHCoG9AncjSyi+G7udG0h8sgCb/QVFo=","M5xe/sLhzMuIHbb0iLPtv7PwCWk0VlBYBqCUNw9SU4A=","2qykllzmtuUrkAw9XIjmBk4eIJ8D5Rz54rQk1SHlKEk=","4G7ac9EcbFSArDUWcTL2iaG4u+hjFzMxX1xurDcBGak=","hY42KLV/unV83M3MnXXB/F1l3jKmuPvqrxiTVr1VvSM=","ZoAWVyaLVrRRxshUVxd2GhED02MWiGHZ7mSwXp07qQE=","DUHoR4FEXA/riiZ8X9y8qOBkBeWF51t9byH6Tqhepjo=","Rr9z90uG6aR18PM7xJZGy1wlcsdKO9dC+oPSvsv1xm0=","3mDA5TVEAS/Y2awerIbRP+ZoaNjhw19y+/nwi7xcMjk=","ayyra8pfP0ZtM7RVR0zWzuAryYqeQrbXoMgYxXiXaRY=","BILDjfZRlUYYojnZhLcxJ+1Zdn+348LP7njKD4id3Fo=","8XYr3iezJZ00s7dsMONCPkWV7Igk55W/G4tW8xOEp5Q=","DvhMDUf5MB6GEsqlYwSfDecN5H9PUKPlH6S6K5Hl8GE=","C1ex9mXpQ7l4U44WaxtdiS7M+fgL6Acn7VS4MUC5m7g=","zFJTyHVJUtxMYVvSad8Bv9NNjxR15GiW3pidyYp5uZQ=","sWCRgAtcK7VYCC4ozqtS0ldxA0zouwn4SmDKDlSSSog=","b5ujvInIOA2FpRKT9RWvdUqh5zRQUjHHEosDuSqBcFg=","/rMgSE5UbwgMRRbENLtJKjId1xmRT+Yd2O2XEN0VLQk=","y7MZNaDIZoVay/3uFWmtnxeK4j4uQThya7pHMtrqRxk=","t7IuDUPipELQVmbs3jVz7k2tVhnWVd6MRU7K/8PHMFY=","2jPXgVV1xFtE+6jkZUgNupIjdie5KLunh4VLoZuDE2c=","ufBbhnmzykevi7y5AbuipyM10s6lreM+CmiQ8zzYlPs=","XQ6xMYfXxCFtpjKQ0+mKIscyQH8C1wM2QwvMerpMkuY=","Rys1/TtK4pzE27S3gn0K4swWG/hSACkEiJS2Afrpu6Q=","xZd9G5YZ28JfWcKhvvLyGL1xOuBkPLAp9creIsmTJKo=","K0g+1zYyLuLlwpq3P6WZKQmcVsTHWA+XuBrJvoadIMM=","XCJNRcwEKagd35r/Mta9l+uTPVhAq6xKyXfwwR1rG+E=","QWPQJIDrZ+EImvg6Hrq8MzjWLq2fMCT7O7css2bijJI=","4TyU6V88y3x5G5fGLraspiWkyNRL54z7Q7RPHnQje3k=","l1+oRRPJhZmAxeOls+Iv7VjMtMkePfYi/uhgF/DHKTA=","lKBTqsV0gA6MfqxSLeoOS7lfKr1fwzhRTfI4Vrj0b3k=","ry+iBaHoN09iGhRpiJv4y4r5At93fmMSkZz2OZIZNlw=","1ogbO74AGu/NTmYxZcNGzef2iZ9oL4v9pNJXKY/dAv8=","icAvbpMXrvz/kg6s1eVm+O+Fbvx7DvBre0/yC+bYeGw=","8zjZ/SUFQhbWg9RJbqUbe4GerHypqPf7sm0aVcm2WUE=","map4tmYU0mtxtYCY9SGbuuf+4yohqZaanGLeTnTg62o=","NVN7OW9C8j34ceDCfJp4ArdyS+u+XvGIqD8Ln7690BQ=","pAndoNSYC8T0AabEbwI/N20MJRs1eXjrEzyBkComiik=","b+9wU5RFf/4lMAh+vT/66g3ipPVFlLDJD2/zYSjeo7c=","ziVkwpjkhG4nE8xwQQ9We+35VvOti6ZnN1QTRGjrdSU=","fmryfWf34D7oWblBsJS8g+OW491SFBVl/jKlfJb8jaM=","6z8FwZEo3zpgKEJ0ZtdGPNSVsjCpfN9yErFwR2Q1TGI=","hrsRRegLFPH48Ds2gIKjxMlEYEQNO36oNhcdWM3/pGs=","awDPOVr94IjWbvk4vV8yUZKvWkBhU4ogh4uCaUI9TL0=","NDzzN+tId4jU4PZbxIW7g9/WaP/hdnfmE+ryYK6ziSE=","uvKqts0iDsxre+IHtVPY6++4bSRGdAnuc+QoqsSID8g=","1G9jwuQBo5hVJhPtqsM8BUd3+SpNliJbFgFIbbhAJpc=","BclE1vcvxmxQ7OfSJetcMWCCDcJsty0Z0SmWjz/Au7U=","iXGjF9TBpraSFzQukYb0kWtts8bkQs/7/SZSuvWiZ0U=","64GsWkuxhE9ds+yrHbyB9N62NIdW4KmguD5RDPStcXQ=","HWvjh9sma5JLM60HY5ZKkeMm/73QflCfY8kGbJ0PHlU=","6+NdFH6orJQj002jTSy2CBO3TegjvEdg9muAh9aQwVY=","PA4FfItb6G46JP5nsJIRI45l5CeynBdj96qXUO0Ntu8=","nOqfSg53ciOsUHExwpL6hEgYqGa3s/b4a11lSLFpaeA=","fYnNm32vy6fbW0aNUEglKhrDrUU4+04DHQndxE/zw1Q=","TQjnMoc/7jdbkzJADqK29p/glp/LFeplLA/kaT8GNng=","WzqsHoGCM6nOzm71dd9jAa4Q4VGxmVunGGAR649vOwQ=","gDnUOhoLFQ2w1Eyxah66yQ35LrSFE6ImoJrm0A6y5aM=","2zcmxrDdx/avDwDpnvyglpvacZKiVhFODv5GcsM2/no=","H0ccskS8orIfANLu9qi+TXPUFAVrDzPcLR1XIZMt9tQ=","JMIF6ZHGIcf/ha1A6ItT//qgzy674FIk6S6+OYWZi4g=","Ax0fVIk5FQ2xeeksMs+vYHTMw1IqdwS8aKL7960F9Lk=","n6K8vH2njc7WmifYi7GIsE8aulVu8tOJf2Baesy58Mk=","bQPUUKvuVpUAovFiuHUCmHW6Lt4F4Lzr37fQgLzUttk=","OfiB4AIBVK40sqUyjWqiwNp/FgMDn6nTsCIPachcRzg=","QeLEfkkdBQPWw2l8JOuiA3lH3jjNPHkr/aL/ZTZjoZ4=","hziOrIvd94xsy8qDDUoykT8W8XVN7W4GiWPwgzcD7Ik=","PaPpwXAgb1aOzxZWUcaVguNmp2vEbDnPS1KDVqqHd4U=","YH32Byj3amoyj0jAppfrk2dIrB4GdLqsy0w1IcCITcQ=","i8IbiUPjkd9wVASqck1VRcGjtF6IcuAJe4kPHDnbfdM=","adKvFSfnA3I7d0DH1ojNs3hksydSBkDFgaY3rEazYa4=","s07JXecwUmLhVCLXVoKfEH2ZEScnKS2ebByRuy9DxCE=","10QK6rIefPBFy+r0kEaelg3VvIVdZOlgTd19s5loYF0=","NluEI579QKyRNuqka6lwtUSgCgihMdl/8Fmr8LZuUOo=","eMMeAaA/HhgJNd5nneD9KT6VL8iPUw/qIb6rflP+d80=","HHgOvF4O3tuMpDruR6Z9vkC6QpW+9TTsuG4K/wVdJa0=","umFz4xgr9rOUXexKNNYX3K9iVWcIFCCNxZTO6gpH0gU=","4oU/GsKIKXV2kiBfv3G1JWeHWRR53c1nLB29kYCDGGU=","TIcUG8YgesWeTW1qHEKIaw1w10Z/DNIEnwdHNuvVdIw=","jLyW84kkWyq1ZMQFLEbsyJZOZ07BZTl8AWi8SoDzvCo=","oiWxER9Iklg15B251b1USbsihvts/m9jOdIcB+IBcGg=","5maolVPXJfMX8VDUgtT7y1Qv3ev1V8GNnVLqYMrAvb4=","uecnT+qqwxKCGIrkkxVaSP2nzqzzq9oLqOKP1iJrI44=","YqNxeFCcuIiKFChMNZ6MITBGSuRpRpUwchcyIUCFH0E=","U3tC4WNIo3fGmJhDYNzW/PS+mVxbwfEsGs7atit/Lt4=","U7N8dDJsAx+xucTRcAnzXCGsgFpCMB75vbIS1P0N0+s=","DRRSRUImWBLScYF6hSm4fODssplbLJ6GKA9BOx3z/4w=","x3KvJBIwdBnMtU5raNotiRvcansHMx/cnYQ2/J5MDp4=","h9SYPwDz0Kb1GKE6dbphU1zBQseURVTFbA7RfrHi7Pc=","FrNze2lTXlKZxl+pKax48kyyyhJ8Yw9OL9AKF7uGKg0=","hF8BLb3/c4o4E2MyVcOLwJXYcBp42pXhBjP4ZA2Z3Qo=","IcBAmeCJgIvdWmwTIPR8Z0LYImXaNXYVbtZvixnLzhs=","9XHPeO2LjlXCGB6w/I0olAywR8tt22bCm4cjmGQzsjI=","MZENpYS2eRcLc/07DJFUZmWGkNU8RG751egWgKYqDmA=","cTtcpo8/ji0Nfn+NTaaC9DN1FmsgJfit2WY3IZw3SK0=","smyxzBxE0DxwYbPK+XeWtYlJAAn67yByqS7eQe7oGCE=","M1Qv67ImrtED+OdQ3u3Lldex5Mk/4oiyJmzLE/sk4DU=","X8FqfHKLi2u0HN5tXMNGe82a7EHRR5Bfeuof8+mJFY0=","DNR9dawDSGI6zicCd4nCtfW3HHrallykibBJH8etiQc=","C1Jgt/V0o0NbEPTv8k/cgdHw/U/6V/5BVrD5fh6JaAY=","VvltHdgFTxFt4VIGUR504dzWYcs7GsmkppvV6g1czLQ=","oFB8VzqinIVZmQKncY1pvmpKbO9be94XNVxJSXCj9CU=","jP5FKtSRjH+w2g6OTSA9mZIPE+MEyzu0Ii3w5busop8=","/wR1MTmPWkK3mte7wjnV8JntVqTYzmlcjAfBq4vx/Jo=","+/AT1g6GSyy6QNC/GvJnMAh4RV6qcyyLWGWWZtyqGuw=","BPm+pWjurfSPcGrjhg3I+PIdT2F8ackA0pu4GklAS70=","/i0HRhvwLN0QUtgBOb17lFTCs3zdKeLms98U24HBRCE=","uYVH7ZjBrjqqWRajnBedoLTiFK9f6ml6nY+pGV34kik=","hwRqD/df0r6ovXM/fdnf6LJlt9TGOU7E7SVJ97kyxrY=","d9ET8C4Na08PAuB51ydqFWxIY7GB1NTk1a2xbBNEd1s=","GkE9A8gNUzInjkNtAZ1NqmGSyfA1mKuK18AWO8zaivg=","fi85N5fJpN7rwOuQ7jaIPLlr2wh1hONZbMurrOyvcP8=","bh8IYhCj/E5WUeUc9Gq9U6xJUgFgk42p8DlYFrwaXKc=","iSrSvA359j3Wq/QJfhf1pNxlrQOyNjyvtAqkZ+l8im0=","5k+z24u5SoGXppvKOvHL6g03iH+8+PdPJKsy8KruAxg=","i9bb2rRITQvMLQiZ3OQqd7Pf961O2EbAkqwSG+DzaEg=","eosVGl8cdD5bENLvoYGvTII9AuOTtDAKOOWqCq03pjs=","MYwvHjfVo3hvN5UVjnV1WZlCtF0HCRftd8u8RKFyNtE=","Bv18H33mK5e/TVZEEwAMK6lM7Jqn7uv/fEir8WhoE4E=","3eXKl0BipG/bg++kQDW0NCakWwZ6g5djtbA0JBO7xYM=","40j/WqoiVO9c6YSRbOGpN1vxlj5MolZj+HfoLkTKjKA=","uTzdsREHtrXd/FtJy6ptBmKYZ5uynIE5ZhmXkorzGV8=","B9/0Ow0nr3VaFTwnceqB3QxJM3+lcqW7SnUOAMUEkM0=","X68e+MmXC/ZkjPN8nRg9Ig73HjuEb3HFhExFwe2DGfI=","UO6ZQOAeCBa/cw50sN/KDoqrEXCyNcTzuQ+nlcDNJks=","oogA7OPs2z/M8aNGWa7gQ5m5Klj6g5F8Rffl9HUstuE=","lQ7kZnQSz5E5ippNuinOjqdRHowX7VcXCGBU+KWsvmE=","qUh9DnOub7dxbGfyzwVAGR+WGIzafcO1kTdKmDaJcR0=","HxA/Q70gJuvGWxREQeKQK+3etbrj4N3esnq8EYx843Y=","cQU2+9+cO/3Atg+PoO+AIblB/C4goHTSNsvov6V/I7s=","gf1gadDOHUy2jWnAkATJAv5kWYnzKUVjdgoP4u1tbz0=","tb1P32og1V56lQEQOAlm9mPU4U0bm9S0uPjgZ9Gx7WY=","jsfz/Yd6dUKAXrz17AiCC1kUWD/Ky+SUvoWrrmUJYmM=","eKIlKTQoM0erv9PkiTurXffdhrUaj2uU92lGTwj+YCM=","ME+t1LDsnl5oGspOmcpY3BX4dtXb6DpQ9muFDmzJFIM=","pZ7BKJ3Tk+KLqcyDOA6xTcVmpw91q7zz1u/3DJEHBO8=","Zj6/yQv28JHwDCW+i0Y3U2yDO/Kc31snagvdvPE9jcA=","XB6qIplcgvnjHFbjTkhxTGuTfBf72L642uuE880fJ/I=","ejMvzmpv6gYcw3Q+8CPkZ4ZrgUjqLv0F/wJMkHbzkto=","PARyrUCVf92ILAtqe9rmDX5Fg5+NHHEgxgJpuh3Lmlw=","nrEo/BHWCXcJ/gyB4ugJCLlGTczFkO7hAeNIKxCfSXg=","oJnQhENEMp1y4V6xuXB+Z4c9SDCuaZj0VFj5mQ47IpQ=","vqz0ECdCI28+SikaYKLLkicdhRAXvghVpGu/J54qnGQ=","LV3FcaG9YUI8Hb9PQKl+yVxSqmVwAYnwDM+/N2xV+Jc=","yBgo16df1UJDcBlZr+IWqmVPE0nOKRU/kp/CrWqxAn4=","6q1pO8BdX3BMsANww7Ufx6U5wJGHgqITTysWefqRiF0=","M4LrLdc+jeZn68f6Ps5nWn+ug2XVosi81m1adxIjv48=","g7vx699Da7PE3hVkvIQQbY0TIrP7gc2T5JRbRY9HlZk=","9KwpHXxvKzweBgenDbQaS9niRwjnSl1lw4aCYky5e7s=","oUlHPG3EGv84DHZgP576WpPWDA9flKcbm3cJgWTD/D4=","kXsTY9R07IisI/0zWbvfIFOqS413Z7Nqfn3qL3pzHMY=","qVNOA4zPsWxD0vs0hLyuD3cdz2L2Tbfr8ABUb/2FmXw=","C2etzrMREf3ScN97zSmeisEpsVClxUu/V4xnpnLKG3I=","HWW3eyg6yPcAAr6SnUlezih2KYX/19jq2cpHZE4f93Y=","YkgwENDNu3q3m/5CNmE/RnyWV9DkK1fFORUha8eP+HE=","E/hivdEm1SiBx1mBlNpANMjeH+GS6bMgTOg6aTIftBU=","GiNoFeNRwYAFvFOhDobHetA4lKhAwUnMEo0ru9hNBHQ=","Nz0qHCJXehITTVRHfMfmOFrCcybUJqgBu3wMnKrFtmU=","/YtYGV01VGlohDZ3u0a17lOEJ9gf9BKiu7vnP19KUPQ=","SG43vymCwUwdfa22bOx8tQRY7WCtnmGCrMsKwVdrBSM=","fqe0mnUOYi/giLcQgUeLCKYPmWdPHBGttfciz8lObyw=","lEB4e8VFkzLw9h7xrVdUyNY3B0iaCtKFlOGCLPSACgc=","LjNAj/gAGJ255JwWEw8PEIZd8bYmx4UVlMckD9KDD34=","17LPoN2iVr1RozON1Ze9cekMirAR12BjXxD9eeHG8so=","5oo5Q5owr9NKwuoYTmuAZzkIgBG5lvEobgq95S35jXw=","EagnnqVI9kZc7HvkQAmi9EDKOJl91P2kZ7e2sU4F4lA=","Sw+zE0YN0T1uNiP4pMeTRPoUzGYw3cOpWP2yS8bK3qA=","g3Em2b2nOtolhtdtwKSSWqLB7OxVP48D8bs0JXZUVI4=","RVKwxW1MXdDtI+GQxN+fGiQP3+LuJsOHeOpFQSv9nrU=","mHTzB1ZekvkpDVs5sBLwtOZBk+XymDSfXoOADXN5bUo=","5gOUsm6KbMLFmtSRW+fw9/ow3AbqW/tEMPcrKKkp25c=","QmZ+p5ueub11xsWT2yGkVHdhPjLoduNaq+wvUDiD/ww=","9unEsTEXaMOsM4wobYQiKWKSyXQ2WAIrBxUIDbrGTMQ=","sB+zRPZ+DkHzziVv92ogW1hc84ehGXln01nCI9hVbhM=","L7gJPevpjBbe7sHe8WzYHpjlj+Gh9JLc/tY3Gzv+GX4=","gv95HLZ+6H3vsxsWjbaVg59KjYt4TGBKy32M3+JRFTk=","R7uNCSV1hDlAayM+SPar25dm7qscJ/X0lMY65V7jjvw=","zWMg2aIwW9OB3yEt52CJ/G/QRBO295htCBWecf1rD2Q=","qD7bGqE6ZtVWIEU48yKiw0ojOYHkbUOZPlgRySygT58=","nzhZ8i9fawd7cQBMt+ecOj4/VQGtPSUZzzfNgs4Pv8U=","osARQ8uDTKA9iKiQm/PlaC9zcq0AL0GI7FAAytndjJ4=","TvrwUu3yT3eGu+hAqfqtu6OlsUR2dQ5/PZei/NMmq64=","p92OtV7n5MohJBiwZLVd29f5lK6bhkX68Typ3hcuK1Q=","f0VNCRFVcGXodULNRD/Emr9gLSvRWOt3M/0j0fWokWY=","hLmKFYwd7DhiLM+T5X9/dwyugenkzGHpdQokseSdnd4=","Wxa9oqajJqCMbB1Tl/YEOT49DTpf29yrPzdfZJZOcdU=","fO1uozAb7uJhaS2OKW7YfaVfzKEGYGeAP9AGoNXE3OE=","fuaSqZs1sm20yuNAbMU2dSqhZrcqjvGMgvlCVL/ady4=","vUphE22yVERnC6Qsv9lHEWFYGZV/gK5kQnlmrzYnGi0=","S5qf9/0BL0O+rS8oiVnaMDy36DhF6ondWVXsR2gAM3A=","u0Zg+usa3Wj+K0T517ChkwrhKCKWuhsXQoHSMomOhns=","ZvRfwuFDR0pGk8q1O+WLoXsUjaZIVwZ7t7s9cXErOqE=","rJ/n4BDpG4tA23vccPRH5Ln9xRqDJO3iF7lxRYTazzA=","ZgRfxXHx/m/tO6Zvmx6+jhFXaXMZO+hNBa3c7sTT3Ss=","XN9tzrsBHsM3QAhLnc2GqKTi5Jd9TiToN688RRclhwk=","G+lYWP/WpxtMcW51o6xoDRhZog+oqxE/j67ylfTsMZ4=","oKGr/Y57sBI6QjTQBQ9cToCz8xbUZlyFb3bnflf6O5w=","lPlVfHUZ85TlmT1vDTSlHAwdflhbnVX67MW+EMRojPY=","3xYFtNfFjBuuw9foVZvjDQcjDF04IGGmP4jnNP4FNG4=","vidiVe+zm8jbJ6Y0fl8q/AMVyfzetnmKB1sHKraKd2Y=","bxoVQthCDqBIsmWcS+BC2BgLYol5u8BJ7cSrwCcCtYw=","wouH6ubzOwck1eXY/7TlFU271uZ+AYgCJC31RhQJ6vw=","Wu+Vbgw0igsamJDGQ4EeHJk5BXxui1RMbmu8stTmlgw=","qX5vaEnCjOyWLgSs8DM3eYPZ3a54AdJ3SR9bgijkAIo=","nDi20nMDsdPmlyUoRua/1qlZzEKaxHJF6qOTigmh/w0=","2Z2IH2Ywm0gPLpJLQBqg+tkqXxl7JWFmizigNUHJ1VQ=","4L9BHf8uIY3a6ULrjNwdJA/AACCCaEFi5oqzb3qulvE=","p6aM0NIpzXleKc6zKBJs2cKmT3cpwe+MOI2XhnrMkfw=","HbvzqgPMNQZVhweAqbMLVBLHSCdcu91sqaaFn2tWvLY=","E4lv37sj2Dob78iLwkmt3qV86setr+1647guQw3TOi8=","554kkB47kaEAs8RBt4MPW86zZ1NPALVsxhf+Cjr6fiY=","K2tHfdQUhflCPSopI/OmYsKGYDMNn5zshRdRk1q1lAo=","e2NsSpyPNZr3X7z7aBgG1OlispFEnZhpBr1t91LrL5w=","pRuWB2emG40q2Yc5LA7psgrZEL56X0yFK8G54PuHVzk=","BiE42XodmbpBOs4wXJq3P5zJeXe0N2IQqKNCuDKVn6w=","7mkqWrck7d3bTZDPbsbdxca8X2N2hKK6yxDwhSDbieg=","vhhZx0fn7VgemtlDiOu0NOtogbcaHs6ZdqCbzahlO0g=","X/xRhhKxb1iyeDaS/eIyuRQZz/w3Q0VxIv0ZzBi9Tvc=","p7ZoJpo2DcxOzR06MrOKjwhFAml2esvTjhCuSkjBLCU=","mKE0crLpF+j2Kc8xq1uvY8+6keGyPQEbjmQngK0JrNc=","S1ui3RCHB7mmPHwNEFpjf4GfSWx6sXlBnrfJX3upSV0=","hoI7vS/Jei494L252RkeCdw0t9hTx+ahsagQ3sER9no=","tCfEhfI8mfJ92DAsl30mPd1gs0XPeboqLYQG7LEhCBk=","usG9Sf3SQnCeSHZAvCF2zGCq1NSS2HGwQvCNgmfIIN8=","qm3t67bdn0gpSl+c/a9A5a8FmLayOXFVgcLvTLChLKM=","gpj1+iW5jnPHLMW3otpCJfkcOOFIxdT/03kzCsoZpBA=","zu2JuqGQUg/AwsIh3h0U+9IMgah3Y+CRLC4/UJgROrI="],"block_size":4096,"path":"content.js"},{"block_hashes":["0ILqdc2zDM87/sY8i3edXz6vvDmtZVqL0dm8A3NJJc4="],"block_size":4096,"path":"content.js.LICENSE.txt"},{"block_hashes":["pAUg12QQHsrBJDlFGD8ZxXWMg4st/HV2u7wEKiCUiRA="],"block_size":4096,"path":"index.html"},{"block_hashes":["e6YRWH/wmzW7eXfNhZIVb4V9O0yiU0X7T+PYZGIjsZU="],"block_size":4096,"path":"popup.js"}],"version":2}